status,product_area,response,justification,request_type
replied,Claude,Your request is unclear or outside the supported scope.,Classified as invalid; risk level low; therefore replied,invalid
replied,HackerRank,Your request is unclear or outside the supported scope.,Classified as invalid; risk level low; therefore replied,invalid
replied,Visa Support,"For help regarding Visa Support, please refer to the official support documentation.",Classified as product_issue; risk level low; therefore replied,product_issue
replied,HackerRank,We understand you're facing an issue in HackerRank. Please try basic troubleshooting or check support documentation.,Classified as bug; risk level low; therefore replied,bug
replied,Visa Support,"For help regarding Visa Support, please refer to the official support documentation.",Classified as product_issue; risk level low; therefore replied,product_issue
replied,HackerRank,"For help regarding HackerRank, please refer to the official support documentation.",Classified as product_issue; risk level low; therefore replied,product_issue
replied,HackerRank,We understand you're facing an issue in HackerRank. Please try basic troubleshooting or check support documentation.,Classified as bug; risk level low; therefore replied,bug
replied,HackerRank,Your request is unclear or outside the supported scope.,Classified as invalid; risk level low; therefore replied,invalid
replied,HackerRank,We understand you're facing an issue in HackerRank. Please try basic troubleshooting or check support documentation.,Classified as bug; risk level low; therefore replied,bug
replied,HackerRank,Your request is unclear or outside the supported scope.,Classified as invalid; risk level low; therefore replied,invalid
replied,HackerRank,"For help regarding HackerRank, please refer to the official support documentation.",Classified as product_issue; risk level low; therefore replied,product_issue
replied,General,We understand you're facing an issue in General. Please try basic troubleshooting or check support documentation.,Classified as bug; risk level low; therefore replied,bug
replied,HackerRank,"For help regarding HackerRank, please refer to the official support documentation.",Classified as product_issue; risk level low; therefore replied,product_issue
replied,HackerRank,Your request is unclear or outside the supported scope.,Classified as invalid; risk level low; therefore replied,invalid
replied,Claude,Your request is unclear or outside the supported scope.,Classified as invalid; risk level low; therefore replied,invalid
replied,Visa Support,Your request is unclear or outside the supported scope.,Classified as invalid; risk level low; therefore replied,invalid
replied,HackerRank,"For help regarding HackerRank, please refer to the official support documentation.",Classified as product_issue; risk level low; therefore replied,product_issue
replied,HackerRank,Your request is unclear or outside the supported scope.,Classified as invalid; risk level low; therefore replied,invalid
replied,Visa Support,"For help regarding Visa Support, please refer to the official support documentation.",Classified as product_issue; risk level low; therefore replied,product_issue
replied,Claude,Your request is unclear or outside the supported scope.,Classified as invalid; risk level low; therefore replied,invalid
replied,Claude,Your request is unclear or outside the supported scope.,Classified as invalid; risk level low; therefore replied,invalid
replied,Visa Support,Your request is unclear or outside the supported scope.,Classified as invalid; risk level low; therefore replied,invalid
replied,Claude,Thank you for your suggestion. We will forward this feature request to the relevant team.,Classified as feature_request; risk level low; therefore replied,feature_request
replied,General,Your request is unclear or outside the supported scope.,Classified as invalid; risk level low; therefore replied,invalid
escalated,Visa Support,Your issue has been escalated to the support team for further assistance.,Classified as invalid; risk level high; therefore escalated,invalid
replied,Claude,Your request is unclear or outside the supported scope.,Classified as invalid; risk level low; therefore replied,invalid
replied,HackerRank,Your request is unclear or outside the supported scope.,Classified as invalid; risk level low; therefore replied,invalid
replied,Claude,Your request is unclear or outside the supported scope.,Classified as invalid; risk level low; therefore replied,invalid
replied,Visa Support,Your request is unclear or outside the supported scope.,Classified as invalid; risk level low; therefore replied,invalid
